<?xml version="1.0"?>
<extension key="contributioncancelactions" type="module">
  <file>contributioncancelactions</file>
  <name>Contribution cancel actions</name>
  <description>This extension cancels memberships, participation records, and pledge payments when the related contribution is cancelled.</description>
  <license>AGPL-3.0</license>
  <maintainer>
    <author>CiviCRM</author>
    <email>info@civicrm.org</email>
  </maintainer>
  <urls>
    <url desc="Main Extension Page">http://civicrm.org</url>
    <url desc="Documentation">http://civicrm.org</url>
    <url desc="Support">http://civicrm.org</url>
    <url desc="Licensing">http://www.gnu.org/licenses/agpl-3.0.html</url>
  </urls>
  <releaseDate>2020-10-12</releaseDate>
  <version>1.0</version>
  <develStage>stable</develStage>
  <compatibility>
    <ver>5.32</ver>
  </compatibility>
  <tags>
    <tag>mgmt:hidden</tag>
  </tags>
  <comments>This code has been moved from core to a separate extension in 5.32</comments>
  <classloader>
    <psr4 prefix="Civi\" path="Civi"/>
  </classloader>
  <civix>
    <namespace>CRM/Contributioncancelactions</namespace>
  </civix>
</extension>
