<?xml version="1.0"?>
<extension key="oauth-client" type="module">
  <file>oauth_client</file>
  <name>OAuth Client</name>
  <description>Connect CiviCRM to remote OAuth 2 services</description>
  <license>AGPL-3.0</license>
  <maintainer>
    <author>Tim Otten</author>
    <email>info@civicrm.org</email>
  </maintainer>
  <urls>
    <url desc="Main Extension Page">http://FIXME</url>
    <url desc="Documentation">http://FIXME</url>
    <url desc="Support">http://FIXME</url>
    <url desc="Licensing">http://www.gnu.org/licenses/agpl-3.0.html</url>
  </urls>
  <releaseDate>2020-10-23</releaseDate>
  <version>1.0</version>
  <tags>
    <tag>mgmt:hidden</tag>
  </tags>
  <develStage>alpha</develStage>
  <compatibility>
    <ver>5.0</ver>
  </compatibility>
  <requires>
    <ext version="~4.5">org.civicrm.afform</ext>
  </requires>
  <comments>This is a new, undeveloped module</comments>
  <classloader>
    <psr4 prefix="Civi\" path="Civi"/>
  </classloader>
  <civix>
    <namespace>CRM/OAuth</namespace>
  </civix>
</extension>
