<?xml version="1.0" encoding="iso-8859-1" ?>

<table>
  <base>CRM/Member</base>
  <class>MembershipType</class>
  <name>civicrm_membership_type</name>
  <comment>Sites can configure multiple types of memberships. They encode the owner organization, fee, and the rules needed to set start and end (expire) dates when a member signs up for that type.</comment>
  <add>1.5</add>
  <log>true</log>
  <field>
    <name>id</name>
    <title>Membership Type ID</title>
    <type>int unsigned</type>
    <required>true</required>
    <comment>Membership Id</comment>
    <add>1.5</add>
  </field>
  <primaryKey>
    <name>id</name>
    <autoincrement>true</autoincrement>
  </primaryKey>
  <field>
    <name>domain_id</name>
    <title>Membership Type Domain</title>
    <type>int unsigned</type>
    <required>true</required>
    <pseudoconstant>
      <table>civicrm_domain</table>
      <keyColumn>id</keyColumn>
      <labelColumn>name</labelColumn>
    </pseudoconstant>
    <comment>Which Domain is this match entry for</comment>
    <add>3.0</add>
  </field>
  <foreignKey>
    <name>domain_id</name>
    <table>civicrm_domain</table>
    <key>id</key>
    <add>3.0</add>
  </foreignKey>
  <field>
    <name>name</name>
    <uniqueName>membership_type</uniqueName>
    <title>Membership Type</title>
    <type>varchar</type>
    <import>true</import>
    <length>128</length>
    <localizable>true</localizable>
    <comment>Name of Membership Type</comment>
    <html>
      <type>Text</type>
      <label>Name</label>
    </html>
    <add>1.5</add>
  </field>
  <field>
    <name>description</name>
    <title>Membership Type Description</title>
    <type>varchar</type>
    <html>
      <type>TextArea</type>
      <rows>6</rows>
      <cols>50</cols>
      <label>Description</label>
    </html>
    <length>255</length>
    <localizable>true</localizable>
    <comment>Description of Membership Type</comment>
    <add>1.5</add>
  </field>
  <field>
    <name>member_of_contact_id</name>
    <title>Membership Type Organization</title>
    <type>int unsigned</type>
    <required>true</required>
    <comment>Owner organization for this membership type. FK to Contact ID</comment>
    <add>1.5</add>
  </field>
  <foreignKey>
    <name>member_of_contact_id</name>
    <table>civicrm_contact</table>
    <key>id</key>
    <add>1.5</add>
    <onDelete>RESTRICT</onDelete>
  </foreignKey>
  <field>
    <name>contribution_type_id</name>
    <type>int unsigned</type>
    <required>true</required>
    <comment>If membership is paid by a contribution - what contribution type should be used. FK to Contribution Type ID</comment>
    <add>1.5</add>
    <drop>4.3</drop>
  </field>
  <foreignKey>
    <name>contribution_type_id</name>
    <table>civicrm_contribution_type</table>
    <key>id</key>
    <add>1.5</add>
    <drop>4.3</drop>
  </foreignKey>
  <field>
    <name>financial_type_id</name>
    <title>Membership Financial Type</title>
    <type>int unsigned</type>
    <required>true</required>
    <pseudoconstant>
      <table>civicrm_financial_type</table>
      <keyColumn>id</keyColumn>
      <labelColumn>name</labelColumn>
    </pseudoconstant>
    <comment>If membership is paid by a contribution - what financial type should be used. FK to civicrm_financial_type.id</comment>
    <add>4.3</add>
  </field>
  <foreignKey>
    <name>financial_type_id</name>
    <table>civicrm_financial_type</table>
    <key>id</key>
    <add>4.3</add>
  </foreignKey>
  <field>
    <name>minimum_fee</name>
    <title>Membership Type Minimum Fee</title>
    <type>decimal</type>
    <length>18,9</length>
    <comment>Minimum fee for this membership (0 for free/complimentary memberships).</comment>
    <default>0</default>
    <html>
      <type>Text</type>
      <label>Minimum Fee</label>
    </html>
    <add>1.5</add>
  </field>
  <field>
    <name>duration_unit</name>
    <title>Membership Type Duration Unit</title>
    <type>varchar</type>
    <length>8</length>
    <comment>Unit in which membership period is expressed.</comment>
    <pseudoconstant>
      <callback>CRM_Core_SelectValues::membershipTypeUnitList</callback>
    </pseudoconstant>
    <add>1.5</add>
    <html>
      <type>Select</type>
    </html>
  </field>
  <field>
    <name>duration_interval</name>
    <title>Membership Type Duration Interval</title>
    <type>int</type>
    <html>
      <type>Text</type>
    </html>
    <comment>Number of duration units in membership period (e.g. 1 year, 12 months).</comment>
    <add>1.5</add>
  </field>
  <field>
    <name>period_type</name>
    <title>Membership Type Plan</title>
    <type>varchar</type>
    <length>8</length>
    <comment>Rolling membership period starts on signup date. Fixed membership periods start on fixed_period_start_day.</comment>
    <html>
      <type>Select</type>
    </html>
    <pseudoconstant>
      <callback>CRM_Core_SelectValues::periodType</callback>
    </pseudoconstant>
    <add>1.5</add>
  </field>
  <field>
    <name>fixed_period_start_day</name>
    <title>Fixed Period Start Day</title>
    <type>int</type>
    <comment>For fixed period memberships, month and day (mmdd) on which subscription/membership will start. Period start is back-dated unless after rollover day.</comment>
    <add>1.5</add>
  </field>
  <field>
    <name>fixed_period_rollover_day</name>
    <title>Fixed Period Rollover Day</title>
    <type>int</type>
    <comment>For fixed period memberships, signups after this day (mmdd) rollover to next period.</comment>
    <add>1.5</add>
  </field>
  <field>
    <name>relationship_type_id</name>
    <title>Membership Type Relationship</title>
    <type>varchar</type>
    <length>64</length>
    <comment>FK to Relationship Type ID</comment>
    <add>1.5</add>
  </field>
  <foreignKey>
    <name>relationship_type_id</name>
    <table>civicrm_relationship_type</table>
    <key>id</key>
    <add>1.5</add>
    <drop>3.3</drop>
  </foreignKey>
  <index>
    <name>index_relationship_type_id</name>
    <fieldName>relationship_type_id</fieldName>
    <add>3.3</add>
  </index>
  <field>
    <name>relationship_direction</name>
    <type>varchar</type>
    <length>128</length>
    <add>1.7</add>
  </field>
  <field>
    <name>max_related</name>
    <title>Max Related Members for Type</title>
    <type>int</type>
    <comment>Maximum number of related memberships.</comment>
    <add>4.3</add>
    <html>
      <type>Text</type>
      <label>Max Related</label>
    </html>
  </field>
  <field>
    <name>visibility</name>
    <title>Visible</title>
    <type>varchar</type>
    <length>64</length>
    <add>1.5</add>
    <pseudoconstant>
      <callback>CRM_Core_SelectValues::memberVisibility</callback>
    </pseudoconstant>
    <html>
      <type>Select</type>
    </html>
  </field>
  <field>
    <name>weight</name>
    <title>Order</title>
    <type>int</type>
    <html>
      <type>Text</type>
    </html>
    <add>1.5</add>
  </field>
  <field>
    <name>receipt_text_signup</name>
    <title>Membership Type Receipt Text</title>
    <type>varchar</type>
    <html>
      <type>TextArea</type>
      <rows>6</rows>
      <cols>50</cols>
    </html>
    <length>255</length>
    <comment>Receipt Text for membership signup</comment>
    <add>2.0</add>
  </field>
  <field>
    <name>receipt_text_renewal</name>
    <title>Membership Type Renewal Text</title>
    <type>varchar</type>
    <html>
      <type>TextArea</type>
      <rows>6</rows>
      <cols>50</cols>
    </html>
    <length>255</length>
    <comment>Receipt Text for membership renewal</comment>
    <add>2.0</add>
  </field>
  <field>
    <name>auto_renew</name>
    <type>boolean</type>
    <default>0</default>
    <html>
      <type>Radio</type>
    </html>
    <pseudoconstant>
      <callback>CRM_Core_SelectValues::memberAutoRenew</callback>
    </pseudoconstant>
    <comment>0 = No auto-renew option; 1 = Give option, but not required; 2 = Auto-renew required;</comment>
    <add>3.3</add>
  </field>
  <field>
    <name>is_active</name>
    <title>Is Active</title>
    <type>boolean</type>
    <default>1</default>
    <comment>Is this membership_type enabled</comment>
    <add>1.5</add>
    <html>
      <type>CheckBox</type>
      <label>Enabled?</label>
    </html>
  </field>
</table>
