<?xml version="1.0"?>
<extension key="org.civicrm.search" type="module">
  <file>search</file>
  <name>Search Kit</name>
  <description>Create searches for a wide variety of CiviCRM entities</description>
  <license>AGPL-3.0</license>
  <maintainer>
    <author>Coleman Watts</author>
    <email>coleman@civicrm.org</email>
  </maintainer>
  <urls>
    <url desc="Chat">https://chat.civicrm.org/civicrm/channels/search-improvements</url>
    <url desc="Issues">https://lab.civicrm.org/dev/report/-/issues</url>
    <url desc="Licensing">http://www.gnu.org/licenses/agpl-3.0.html</url>
  </urls>
  <releaseDate>2020-12-02</releaseDate>
  <version>1.0.beta2</version>
  <develStage>beta</develStage>
  <compatibility>
    <ver>5.31</ver>
  </compatibility>
  <comments>This extension is still in beta. Click on the chat link above to discuss development, report problems or ask questions.</comments>
  <classloader>
    <psr4 prefix="Civi\" path="Civi"/>
  </classloader>
  <civix>
    <namespace>CRM/Search</namespace>
  </civix>
</extension>
