<?xml version="1.0"?>
<extension key="com.iatspayments.civicrm" type="module">
  <file>iats</file>
  <name>iATS Payments</name>
  <description>Payment processor extension for iATS Payments.</description>
  <urls>
    <url desc="Main Extension Page">https://github.com/iATSPayments/com.iatspayments.civicrm</url>
    <url desc="Licensing">http://www.gnu.org/licenses/agpl-3.0.html</url>
    <url desc="Support">https://github.com/iATSPayments/com.iatspayments.civicrm/issues?state=open</url>
    <url desc="Installation Instructions">https://github.com/iATSPayments/com.iatspayments.civicrm</url>
    <url desc="Documentation">https://github.com/iATSPayments/com.iatspayments.civicrm</url>
    <url desc="Release Notes">https://github.com/iATSPayments/com.iatspayments.civicrm/blob/master/release-notes/1.7.3.md</url>
    <url desc="Getting Started">https://www.semper-it.com/civicamp-iats-payments-slides</url>
  </urls>
  <license>AGPL-3.0</license>
  <maintainer>
    <author>Alan Dixon</author>
    <email>iats@blackflysolutions.ca</email>
  </maintainer>
  <releaseDate>2020-10-28</releaseDate>
  <version>1.7.3</version>
  <develStage>stable</develStage>
  <compatibility>
    <ver>5.13</ver>
  </compatibility>
  <comments>A recommended 1.7.x maintenance release, see release notes above for details.</comments>
  <civix>
    <namespace>CRM/Iats</namespace>
  </civix>
</extension>
