<?xml version="1.0" encoding="utf-8"?>
<RSinstall type="rsformbackup">
<name>RSform backup</name>
<creationDate>2014-11-07</creationDate>
<author>trevorbice</author>
<copyright>(C) 2014 http://dev.joomla3.trevorbice.com/</copyright>
<authorEmail>no-reply@trevorbice.com</authorEmail>
<authorUrl>http://dev.joomla3.trevorbice.com/</authorUrl>
<version>1.49.11</version>
<revision>49</revision>
<description>RSForm! Pro Backup</description>
<tasks>
	<task type="query"><![CDATA[INSERT  INTO `#__rsform_forms` (`FormId`,`FormName`,`FormLayout`,`FormLayoutName`,`FormLayoutAutogenerate`,`CSS`,`JS`,`FormTitle`,`ShowFormTitle`,`Published`,`Lang`,`ReturnUrl`,`ShowThankyou`,`Thankyou`,`ShowContinue`,`UserEmailText`,`UserEmailTo`,`UserEmailCC`,`UserEmailBCC`,`UserEmailFrom`,`UserEmailReplyTo`,`UserEmailFromName`,`UserEmailSubject`,`UserEmailMode`,`UserEmailAttach`,`UserEmailAttachFile`,`AdminEmailText`,`AdminEmailTo`,`AdminEmailCC`,`AdminEmailBCC`,`AdminEmailFrom`,`AdminEmailReplyTo`,`AdminEmailFromName`,`AdminEmailSubject`,`AdminEmailMode`,`ScriptProcess`,`ScriptProcess2`,`ScriptDisplay`,`UserEmailScript`,`AdminEmailScript`,`AdditionalEmailsScript`,`MetaTitle`,`MetaDesc`,`MetaKeywords`,`Required`,`ErrorMessage`,`MultipleSeparator`,`TextareaNewLines`,`CSSClass`,`CSSId`,`CSSName`,`CSSAction`,`CSSAdditionalAttributes`,`AjaxValidation`,`ThemeParams`,`Keepdata`,`Backendmenu`,`ConfirmSubmission`,`Access`) VALUES ('','enews','<div class=\"enewsletter\">\r\n<a name=\"enewsletter\"></a>\r\n<table border=\"0\">\r\n	<tr>\r\n        	<td class=\"rsform-block rsform-block-caption\">\r\n        		{newsletter_caption:body}\r\n        	</td>\r\n		<td width=\"1%\" class=\"rsform-block rsform-block-name\">\r\n        		{name:body}<div class=\"formClr\"></div>{name:validation}\r\n        	</td>\r\n		<td width=\"1%\" class=\"rsform-block rsform-block-email\">\r\n			{email:body}<div class=\"formClr\"></div>{email:validation}\r\n		</td>\r\n		<td width=\"1%\" class=\"rsform-block rsform-block-submit\">\r\n			{submit:body}<div class=\"formClr\"></div>{submit:validation}\r\n		</td>\r\n     </tr>\r\n</table>\r\n</div>\r\n\r\n','inline','0','','','E-Newsletter','1','1','en-GB','index.php?option=com_content&view=article&id=11&Itemid=211','0','','1','<p><strong>{name:caption}</strong> {name:value}<strong><br />{email:caption}:</strong> {email:value}</p>','','','','','','','','1','0','','','','','','','','','','1','','','$doc =& JFactory::getDocument();\r\n$doc->addStyleSheet(JURI::root(true) . \"/includes/custom/form.enews.css\");\r\n$doc->addScript(JURI::root(true) . \"/includes/custom/form.enews.js\");\r\n\r\nrequire(JPATH_BASE .DS.\'includes\'.DS.\'custom\'.DS.\'fieldsplugin.php\' );','','','','0','','','(*)','<p class=\"formRed\">Please complete all required fields!</p>','\\n','1','','userForm','','#enews','onsubmit = \"onFormSubmitEnewsletter();\"','0','','1','0','0','' )]]></task>
	<task type="eval"><![CDATA[$GLOBALS['q_FormId'] = $db->insertid();]]></task>
	<task type="eval"><![CDATA[$GLOBALS['ComponentIds'] = array();]]></task>
	<task type="query"><![CDATA[INSERT  INTO `#__rsform_components` (`ComponentId`,`FormId`,`ComponentTypeId`,`Order`,`Published`) VALUES ('','{FormId}','10','1','1' )]]></task>
	<task type="eval"><![CDATA[$GLOBALS['q_ComponentId'] = $db->insertid();]]></task>
	<task type="query"><![CDATA[INSERT  INTO `#__rsform_properties` (`PropertyId`,`ComponentId`,`PropertyName`,`PropertyValue`) VALUES ('','{ComponentId}','TEXT','<h2>Join Our E-Newsletter & Get Updates</h2>' )]]></task>
	<task type="query"><![CDATA[INSERT  INTO `#__rsform_properties` (`PropertyId`,`ComponentId`,`PropertyName`,`PropertyValue`) VALUES ('','{ComponentId}','NAME','newsletter_caption' )]]></task>
	<task type="query"><![CDATA[INSERT  INTO `#__rsform_properties` (`PropertyId`,`ComponentId`,`PropertyName`,`PropertyValue`) VALUES ('','{ComponentId}','EMAILATTACH','' )]]></task>
	<task type="eval"><![CDATA[$GLOBALS['ComponentIds']['newsletter_caption'] = $GLOBALS['q_ComponentId'];]]></task>
	<task type="query"><![CDATA[INSERT  INTO `#__rsform_components` (`ComponentId`,`FormId`,`ComponentTypeId`,`Order`,`Published`) VALUES ('','{FormId}','13','4','1' )]]></task>
	<task type="eval"><![CDATA[$GLOBALS['q_ComponentId'] = $db->insertid();]]></task>
	<task type="query"><![CDATA[INSERT  INTO `#__rsform_properties` (`PropertyId`,`ComponentId`,`PropertyName`,`PropertyValue`) VALUES ('','{ComponentId}','NAME','submit' )]]></task>
	<task type="query"><![CDATA[INSERT  INTO `#__rsform_properties` (`PropertyId`,`ComponentId`,`PropertyName`,`PropertyValue`) VALUES ('','{ComponentId}','LABEL','submit' )]]></task>
	<task type="query"><![CDATA[INSERT  INTO `#__rsform_properties` (`PropertyId`,`ComponentId`,`PropertyName`,`PropertyValue`) VALUES ('','{ComponentId}','CAPTION','' )]]></task>
	<task type="query"><![CDATA[INSERT  INTO `#__rsform_properties` (`PropertyId`,`ComponentId`,`PropertyName`,`PropertyValue`) VALUES ('','{ComponentId}','RESET','NO' )]]></task>
	<task type="query"><![CDATA[INSERT  INTO `#__rsform_properties` (`PropertyId`,`ComponentId`,`PropertyName`,`PropertyValue`) VALUES ('','{ComponentId}','RESETLABEL','' )]]></task>
	<task type="query"><![CDATA[INSERT  INTO `#__rsform_properties` (`PropertyId`,`ComponentId`,`PropertyName`,`PropertyValue`) VALUES ('','{ComponentId}','DISPLAYPROGRESSMSG','<div>\r\n <p><em>Page <strong>{page}</strong> of {total}</em></p>\r\n <div class=\"rsformProgressContainer\">\r\n  <div class=\"rsformProgressBar\" style=\"width: {percent}%;\"></div>\r\n </div>\r\n</div>' )]]></task>
	<task type="query"><![CDATA[INSERT  INTO `#__rsform_properties` (`PropertyId`,`ComponentId`,`PropertyName`,`PropertyValue`) VALUES ('','{ComponentId}','PREVBUTTON','PREV' )]]></task>
	<task type="query"><![CDATA[INSERT  INTO `#__rsform_properties` (`PropertyId`,`ComponentId`,`PropertyName`,`PropertyValue`) VALUES ('','{ComponentId}','DISPLAYPROGRESS','NO' )]]></task>
	<task type="query"><![CDATA[INSERT  INTO `#__rsform_properties` (`PropertyId`,`ComponentId`,`PropertyName`,`PropertyValue`) VALUES ('','{ComponentId}','BUTTONTYPE','TYPEINPUT' )]]></task>
	<task type="query"><![CDATA[INSERT  INTO `#__rsform_properties` (`PropertyId`,`ComponentId`,`PropertyName`,`PropertyValue`) VALUES ('','{ComponentId}','ADDITIONALATTRIBUTES','' )]]></task>
	<task type="query"><![CDATA[INSERT  INTO `#__rsform_properties` (`PropertyId`,`ComponentId`,`PropertyName`,`PropertyValue`) VALUES ('','{ComponentId}','EMAILATTACH','' )]]></task>
	<task type="eval"><![CDATA[$GLOBALS['ComponentIds']['submit'] = $GLOBALS['q_ComponentId'];]]></task>
	<task type="query"><![CDATA[INSERT  INTO `#__rsform_components` (`ComponentId`,`FormId`,`ComponentTypeId`,`Order`,`Published`) VALUES ('','{FormId}','1','3','1' )]]></task>
	<task type="eval"><![CDATA[$GLOBALS['q_ComponentId'] = $db->insertid();]]></task>
	<task type="query"><![CDATA[INSERT  INTO `#__rsform_properties` (`PropertyId`,`ComponentId`,`PropertyName`,`PropertyValue`) VALUES ('','{ComponentId}','NAME','email' )]]></task>
	<task type="query"><![CDATA[INSERT  INTO `#__rsform_properties` (`PropertyId`,`ComponentId`,`PropertyName`,`PropertyValue`) VALUES ('','{ComponentId}','CAPTION','Email: ' )]]></task>
	<task type="query"><![CDATA[INSERT  INTO `#__rsform_properties` (`PropertyId`,`ComponentId`,`PropertyName`,`PropertyValue`) VALUES ('','{ComponentId}','DEFAULTVALUE','' )]]></task>
	<task type="query"><![CDATA[INSERT  INTO `#__rsform_properties` (`PropertyId`,`ComponentId`,`PropertyName`,`PropertyValue`) VALUES ('','{ComponentId}','DESCRIPTION','' )]]></task>
	<task type="query"><![CDATA[INSERT  INTO `#__rsform_properties` (`PropertyId`,`ComponentId`,`PropertyName`,`PropertyValue`) VALUES ('','{ComponentId}','REQUIRED','YES' )]]></task>
	<task type="query"><![CDATA[INSERT  INTO `#__rsform_properties` (`PropertyId`,`ComponentId`,`PropertyName`,`PropertyValue`) VALUES ('','{ComponentId}','VALIDATIONEXTRA','' )]]></task>
	<task type="query"><![CDATA[INSERT  INTO `#__rsform_properties` (`PropertyId`,`ComponentId`,`PropertyName`,`PropertyValue`) VALUES ('','{ComponentId}','VALIDATIONRULE','emaildns' )]]></task>
	<task type="query"><![CDATA[INSERT  INTO `#__rsform_properties` (`PropertyId`,`ComponentId`,`PropertyName`,`PropertyValue`) VALUES ('','{ComponentId}','VALIDATIONMESSAGE','Please enter a valid email address.' )]]></task>
	<task type="query"><![CDATA[INSERT  INTO `#__rsform_properties` (`PropertyId`,`ComponentId`,`PropertyName`,`PropertyValue`) VALUES ('','{ComponentId}','SIZE','20' )]]></task>
	<task type="query"><![CDATA[INSERT  INTO `#__rsform_properties` (`PropertyId`,`ComponentId`,`PropertyName`,`PropertyValue`) VALUES ('','{ComponentId}','MAXSIZE','' )]]></task>
	<task type="query"><![CDATA[INSERT  INTO `#__rsform_properties` (`PropertyId`,`ComponentId`,`PropertyName`,`PropertyValue`) VALUES ('','{ComponentId}','ADDITIONALATTRIBUTES','' )]]></task>
	<task type="query"><![CDATA[INSERT  INTO `#__rsform_properties` (`PropertyId`,`ComponentId`,`PropertyName`,`PropertyValue`) VALUES ('','{ComponentId}','EMAILATTACH','' )]]></task>
	<task type="eval"><![CDATA[$GLOBALS['ComponentIds']['email'] = $GLOBALS['q_ComponentId'];]]></task>
	<task type="query"><![CDATA[INSERT  INTO `#__rsform_components` (`ComponentId`,`FormId`,`ComponentTypeId`,`Order`,`Published`) VALUES ('','{FormId}','1','2','1' )]]></task>
	<task type="eval"><![CDATA[$GLOBALS['q_ComponentId'] = $db->insertid();]]></task>
	<task type="query"><![CDATA[INSERT  INTO `#__rsform_properties` (`PropertyId`,`ComponentId`,`PropertyName`,`PropertyValue`) VALUES ('','{ComponentId}','NAME','name' )]]></task>
	<task type="query"><![CDATA[INSERT  INTO `#__rsform_properties` (`PropertyId`,`ComponentId`,`PropertyName`,`PropertyValue`) VALUES ('','{ComponentId}','CAPTION','Name: ' )]]></task>
	<task type="query"><![CDATA[INSERT  INTO `#__rsform_properties` (`PropertyId`,`ComponentId`,`PropertyName`,`PropertyValue`) VALUES ('','{ComponentId}','DEFAULTVALUE','' )]]></task>
	<task type="query"><![CDATA[INSERT  INTO `#__rsform_properties` (`PropertyId`,`ComponentId`,`PropertyName`,`PropertyValue`) VALUES ('','{ComponentId}','DESCRIPTION','' )]]></task>
	<task type="query"><![CDATA[INSERT  INTO `#__rsform_properties` (`PropertyId`,`ComponentId`,`PropertyName`,`PropertyValue`) VALUES ('','{ComponentId}','REQUIRED','YES' )]]></task>
	<task type="query"><![CDATA[INSERT  INTO `#__rsform_properties` (`PropertyId`,`ComponentId`,`PropertyName`,`PropertyValue`) VALUES ('','{ComponentId}','VALIDATIONEXTRA','' )]]></task>
	<task type="query"><![CDATA[INSERT  INTO `#__rsform_properties` (`PropertyId`,`ComponentId`,`PropertyName`,`PropertyValue`) VALUES ('','{ComponentId}','VALIDATIONRULE','none' )]]></task>
	<task type="query"><![CDATA[INSERT  INTO `#__rsform_properties` (`PropertyId`,`ComponentId`,`PropertyName`,`PropertyValue`) VALUES ('','{ComponentId}','VALIDATIONMESSAGE','Please enter a name.' )]]></task>
	<task type="query"><![CDATA[INSERT  INTO `#__rsform_properties` (`PropertyId`,`ComponentId`,`PropertyName`,`PropertyValue`) VALUES ('','{ComponentId}','SIZE','20' )]]></task>
	<task type="query"><![CDATA[INSERT  INTO `#__rsform_properties` (`PropertyId`,`ComponentId`,`PropertyName`,`PropertyValue`) VALUES ('','{ComponentId}','MAXSIZE','' )]]></task>
	<task type="query"><![CDATA[INSERT  INTO `#__rsform_properties` (`PropertyId`,`ComponentId`,`PropertyName`,`PropertyValue`) VALUES ('','{ComponentId}','ADDITIONALATTRIBUTES','' )]]></task>
	<task type="query"><![CDATA[INSERT  INTO `#__rsform_properties` (`PropertyId`,`ComponentId`,`PropertyName`,`PropertyValue`) VALUES ('','{ComponentId}','EMAILATTACH','' )]]></task>
	<task type="eval"><![CDATA[$GLOBALS['ComponentIds']['name'] = $GLOBALS['q_ComponentId'];]]></task>
	<task type="query"><![CDATA[INSERT IGNORE INTO `#__rsform_posts` (`form_id`,`enabled`,`method`,`silent`,`url`) VALUES ('{FormId}','0','1','1','http://' )]]></task>
</tasks>
</RSinstall>