<?xml version="1.0" encoding="iso-8859-1" ?>

<table>
  <base>CRM/Financial</base>
  <class>PaymentProcessorType</class>
  <name>civicrm_payment_processor_type</name>
  <add>1.8</add>
  <field>
    <name>id</name>
    <title>Payment Processor Type ID</title>
    <type>int unsigned</type>
    <required>true</required>
    <comment>Payment Processor Type ID</comment>
    <add>1.8</add>
  </field>
  <primaryKey>
    <name>id</name>
    <autoincrement>true</autoincrement>
  </primaryKey>
  <field>
    <name>name</name>
    <title>Payment Processor variable name to be used in code</title>
    <type>varchar</type>
    <length>64</length>
    <comment>Payment Processor Name.</comment>
    <add>1.8</add>
  </field>
  <field>
    <name>title</name>
    <title>Payment Processor Title</title>
    <type>varchar</type>
    <length>127</length>
    <comment>Payment Processor Name.</comment>
    <add>1.8</add>
  </field>
  <field>
    <name>description</name>
    <title>Processor Type Description</title>
    <type>varchar</type>
    <length>255</length>
    <comment>Payment Processor Description.</comment>
    <add>1.8</add>
  </field>
  <field>
    <name>is_active</name>
    <title>Processor Type Is Active?</title>
    <type>boolean</type>
    <comment>Is this processor active?</comment>
    <add>1.8</add>
  </field>
  <field>
    <name>is_default</name>
    <title>Processor Type is Default?</title>
    <type>boolean</type>
    <comment>Is this processor the default?</comment>
    <add>1.8</add>
  </field>
  <index>
    <name>UI_name</name>
    <fieldName>name</fieldName>
    <unique>true</unique>
    <add>2.1</add>
  </index>
  <field>
    <name>user_name_label</name>
    <title>Label for User Name if used</title>
    <type>varchar</type>
    <length>255</length>
    <add>1.8</add>
  </field>
  <field>
    <name>password_label</name>
    <title>Label for password</title>
    <type>varchar</type>
    <length>255</length>
    <add>1.8</add>
  </field>
  <field>
    <name>signature_label</name>
    <title>Label for Signature</title>
    <type>varchar</type>
    <length>255</length>
    <add>1.8</add>
  </field>
  <field>
    <name>subject_label</name>
    <title>Label for Subject</title>
    <type>varchar</type>
    <length>255</length>
    <add>1.8</add>
  </field>
  <field>
    <name>class_name</name>
    <title>Suffix for PHP class name implementation</title>
    <type>varchar</type>
    <length>255</length>
    <add>1.8</add>
  </field>
  <field>
    <name>url_site_default</name>
    <title>Default Live Site URL</title>
    <type>varchar</type>
    <length>255</length>
    <add>1.8</add>
  </field>
  <field>
    <name>url_api_default</name>
    <title>Default API Site URL</title>
    <type>varchar</type>
    <length>255</length>
    <add>1.8</add>
  </field>
  <field>
    <name>url_recur_default</name>
    <title>Default Live Recurring Payments URL</title>
    <type>varchar</type>
    <length>255</length>
    <add>1.8</add>
  </field>
  <field>
    <name>url_button_default</name>
    <title>Default Live Button URL</title>
    <type>varchar</type>
    <length>255</length>
    <add>1.8</add>
  </field>
  <field>
    <name>url_site_test_default</name>
    <title>Default Test Site URL</title>
    <type>varchar</type>
    <length>255</length>
    <add>1.8</add>
  </field>
  <field>
    <name>url_api_test_default</name>
    <title>Default Test API URL</title>
    <type>varchar</type>
    <length>255</length>
    <add>1.8</add>
  </field>
  <field>
    <name>url_recur_test_default</name>
    <title>Default Test Recurring Payment URL</title>
    <type>varchar</type>
    <length>255</length>
    <add>1.8</add>
  </field>
  <field>
    <name>url_button_test_default</name>
    <title>Default Test Button URL</title>
    <type>varchar</type>
    <length>255</length>
    <add>1.8</add>
  </field>
  <field>
    <name>billing_mode</name>
    <type>int unsigned</type>
    <required>true</required>
    <comment>Billing Mode (deprecated)</comment>
    <pseudoconstant>
      <callback>CRM_Core_SelectValues::billingMode</callback>
    </pseudoconstant>
    <html>
      <type>Select</type>
    </html>
    <add>1.8</add>
  </field>
  <field>
    <name>is_recur</name>
    <title>Processor Type Supports Recurring?</title>
    <type>boolean</type>
    <comment>Can process recurring contributions</comment>
    <add>1.8</add>
  </field>
  <field>
    <name>payment_type</name>
    <title>Processor Type Payment Type</title>
    <type>int unsigned</type>
    <default>1</default>
    <comment>Payment Type: Credit or Debit (deprecated)</comment>
    <add>3.0</add>
  </field>
  <field>
    <name>payment_instrument_id</name>
    <title>Payment Method</title>
    <type>int unsigned</type>
    <default>1</default>
    <comment>Payment Instrument ID</comment>
    <pseudoconstant>
      <optionGroupName>payment_instrument</optionGroupName>
    </pseudoconstant>
    <add>4.7</add>
  </field>
</table>
